[
    {
        "image": "https://caresyncexperts.com/wp-content/uploads/2024/12/Variant8.png",
        "title": "You Complete Care Business Solution",
        "description": "Everything you need to meet your care business demands efficiently and effectively."
    },
    {
        "image": "https://caresyncexperts.com/wp-content/uploads/2024/12/Variant7.png",
        "title": "From Vision to Victory in Care",
        "description": "We transform your startup vision into real world success with precision and passion."
    },
    {
        "image": "https://caresyncexperts.com/wp-content/uploads/2024/12/Variant6-1.png",
        "title": "Dominate Tenders, Expand Your Business",
        "description": "Stand out and win contracts with our proven tender strategies that drive growth."
    },
    {
        "image": "https://caresyncexperts.com/wp-content/uploads/2024/12/Variant9.png",
        "title": "Launch Your Care Business with Confidence",
        "description": "With our expertise and resources, success in the healthcare industry is just a step away."
    },
    {
        "image": "https://caresyncexperts.com/wp-content/uploads/2024/12/Frame-1618869813.png",
        "title": "Healthcare Consultancy Services for Experts",
        "description": "Your Trusted Companion in Healthcare Excellence – Extensive Assistance for Healthcare Organisations"
    }
]