[
    {
        "title": "Domiciliary Care",
        "content": "We provide expert advice on how to set up and run home care services while making sure they comply with all regulations.",
        "height": "250px"
    },
    {
        "title": "Supported Living",
        "content": "We offer support in creating living arrangements that cater to individual needs and preferences.",
        "height": "250px"
    },
    {
        "title": "Temporary Staffing Solutions",
        "content": "Our efficient solutions help you find and manage healthcare staff ensuring top quality care and compliance.",
        "height": "270px"
    },
    {
        "title": "Combined Care Agency",
        "content": "Start your combined staffing and home care agency with our comprehensive support package, designed to help you succeed in the healthcare industry.",
        "height": "270px"
    },
    {
        "title": "CIW Domiciliary Care Agency Set Up Package",
        "content": "Start your home care business in Wales with our CIW (Care Inspectorate Wales) Domiciliary Care Agency Set Up Package. This package is tailored to help your agency meet all the standards and excel in providing high quality care services.",
        "height": "430px"
    },
    {
        "title": "RQIA Domiciliary Care Agency Setup Package",
        "content": "Start your journey to establish a home care agency with our all RQIA (Regulation and Quality Improvement Authority) Domiciliary Care Agency Set Up Package. Our team offers the support and tools to ensure your agency not only meets required standards but also excels in providing top-notch care.",
        "height": "430px"
    }
]
