[
    {
        "image": "https://caresyncexperts.com/wp-content/uploads/2024/12/Variant5.png",
        "title": "CIW Domiciliary Care Agency Set Up Package"
    },
    {
        "image": "https://caresyncexperts.com/wp-content/uploads/2024/12/Variant6.png",
        "title": "RQIA Domiciliary Care Agency Setup Package"
    },
    {
        "image": "https://caresyncexperts.com/wp-content/uploads/2024/12/Default.png",
        "title": "Domiciliary Care"
    },
    {
        "image": "https://caresyncexperts.com/wp-content/uploads/2024/12/Variant2.png",
        "title": "Supported Living"
    },
    {
        "image": "https://caresyncexperts.com/wp-content/uploads/2024/12/Variant3.png",
        "title": "Temporary Staffing Solutions"
    },
    {
        "image": "https://caresyncexperts.com/wp-content/uploads/2024/12/Variant4.png",
        "title": "Combined Care Agency"
    }
]