[
    {
        "url": "https://caresyncexperts.com/wp-content/uploads/2024/12/2.png",
        "title": "Achieve CIW Compliance with Ease!",
        "content": "Our experienced team makes registering for CIW providing tailored assistance thorough document organization and complete readiness for inspection to help you succeed.",
        "type": "CIW Registration Support"
    },
    {
        "url": "https://caresyncexperts.com/wp-content/uploads/2024/12/Frame-1618869885.png",
        "title": "Achieve CIW Compliance with Ease!",
        "content": "Our experienced team makes registering for CIW providing tailored assistance thorough document organization and complete readiness for inspection to help you succeed.",
        "type": "CIW Registration Support"
    },
    {
        "url": "https://caresyncexperts.com/wp-content/uploads/2024/12/Frame-1618869715.png",
        "title": "Professional Email Setup",
        "content": "Project a professional image with personalised email signatures for effective and consistent communication.",
        "type": "Email Set Up"
    },
    {
        "url": "https://caresyncexperts.com/wp-content/uploads/2024/12/3.png",
        "title": "Standard Marketing materials",
        "content": "Get professionally designed brochures, leaflets and ID badges to enhance your brand visibility and effectively communicate your services.",
        "type": "CIW Registration Support"
    },
    {
        "url": "https://caresyncexperts.com/wp-content/uploads/2024/12/2.png",
        "title": "Achieve CIW Compliance with Ease!",
        "content": "Our experienced team makes registering for CIW providing tailored assistance thorough document organization and complete readiness for inspection to help you succeed.",
        "type": "CIW Registration Support"
    },
    {
        "url": "https://caresyncexperts.com/wp-content/uploads/2024/12/Frame-1618869885.png",
        "title": "Achieve CIW Compliance with Ease!",
        "content": "Our experienced team makes registering for CIW providing tailored assistance thorough document organization and complete readiness for inspection to help you succeed.",
        "type": "CIW Registration Support"
    },
    {
        "url": "https://caresyncexperts.com/wp-content/uploads/2024/12/2.png ",
        "title": "Professional Email Setup",
        "content": "Project a professional image with personalised email signatures for effective and consistent communication.",
        "type": "Email Set Up"
    },
    {
        "url": "https://caresyncexperts.com/wp-content/uploads/2024/12/3.png",
        "title": "Standard Marketing materials",
        "content": "Get professionally designed brochures, leaflets and ID badges to enhance your brand visibility and effectively communicate your services.",
        "type": "CIW Registration Support"
    },
    {
        "url": "https://caresyncexperts.com/wp-content/uploads/2024/12/3.png",
        "title": "Standard Marketing materials",
        "content": "Get professionally designed brochures, leaflets and ID badges to enhance your brand visibility and effectively communicate your services.",
        "type": "CIW Registration Support"
    },
    {
        "url": "https://caresyncexperts.com/wp-content/uploads/2024/12/2.png",
        "title": "Achieve CIW Compliance with Ease!",
        "content": "Our experienced team makes registering for CIW providing tailored assistance thorough document organization and complete readiness for inspection to help you succeed.",
        "type": "CIW Registration Support"
    },
    {
        "url": "https://caresyncexperts.com/wp-content/uploads/2024/12/Frame-1618869885.png",
        "title": "Achieve CIW Compliance with Ease!",
        "content": "Our experienced team makes registering for CIW providing tailored assistance thorough document organization and complete readiness for inspection to help you succeed.",
        "type": "CIW Registration Support"
    },
    {
        "url": "https://caresyncexperts.com/wp-content/uploads/2024/12/2.png ",
        "title": "Professional Email Setup",
        "content": "Project a professional image with personalised email signatures for effective and consistent communication.",
        "type": "Email Set Up"
    },
    {
        "url": "https://caresyncexperts.com/wp-content/uploads/2024/12/3.png",
        "title": "Standard Marketing materials",
        "content": "Get professionally designed brochures, leaflets and ID badges to enhance your brand visibility and effectively communicate your services.",
        "type": "CIW Registration Support"
    }
]